Creditability,Account_Balance,Duration_of_Credit_monthly,Payment_Status_of_Previous_Credit,Credit_Amount,Length_of_current_employment,Guarantors,Duration_in_Current_address,Age_years,Concurrent_Credits,No_of_Credits_at_this_Bank
0,1,No Account,18,No_Problems,1049,2,No,4,21,Other_Bank,1
1,1,No Account,9,No_Problems,2799,3,No,2,36,Other_Bank,2
2,1,Have Account,12,Paid_Up,841,4,No,4,23,Other_Bank,1
3,1,No Account,12,No_Problems,2122,3,No,2,39,Other_Bank,2
4,1,No Account,12,No_Problems,2171,3,No,4,38,No_credit,2
5,1,No Account,10,No_Problems,2241,2,No,3,48,Other_Bank,2
6,1,No Account,8,No_Problems,3398,4,No,4,39,Other_Bank,2
7,1,No Account,6,No_Problems,1361,2,No,4,40,Other_Bank,1
8,1,Have Account,18,No_Problems,1098,1,No,4,65,Other_Bank,2
9,1,Have Account,24,Paid_Up,3758,1,No,4,23,Other_Bank,1
10,1,No Account,11,No_Problems,3905,3,No,2,36,Other_Bank,2
11,1,No Account,30,No_Problems,6187,4,No,4,24,Other_Bank,2
12,1,No Account,6,No_Problems,1957,4,No,4,31,Other_Bank,1
13,1,Have Account,48,No_Problems,7582,1,No,4,31,Other_Bank,1
14,1,No Account,18,Paid_Up,1936,4,No,4,23,Other_Bank,2
15,1,No Account,6,Paid_Up,2647,3,No,3,44,Other_Bank,1
16,1,No Account,11,No_Problems,3939,3,No,2,40,Other_Bank,2
17,1,Have Account,18,Paid_Up,3213,2,No,3,25,Other_Bank,1
18,1,Have Account,36,No_Problems,2337,5,No,4,36,Other_Bank,1
19,1,Have Account,11,No_Problems,7228,3,No,4,39,Other_Bank,2
20,1,No Account,6,No_Problems,3676,3,No,3,37,Other_Bank,3
21,1,Have Account,12,No_Problems,3124,2,No,3,49,No_credit,2
22,0,Have Account,36,Paid_Up,2384,2,No,1,33,Other_Bank,1
23,1,Have Account,12,No_Problems,1424,4,No,3,26,Other_Bank,1
24,1,No Account,6,No_Problems,4716,2,No,3,44,Other_Bank,2
25,1,Have Account,11,No_Problems,4771,4,No,4,51,Other_Bank,1
26,1,No Account,12,Paid_Up,652,5,No,4,24,Other_Bank,1
27,1,Have Account,9,No_Problems,1154,5,No,4,37,Other_Bank,3
28,1,Have Account,15,Paid_Up,3556,3,No,2,29,Other_Bank,1
29,1,Have Account,42,No_Problems,4796,5,No,4,56,Other_Bank,1
30,1,Have Account,30,No_Problems,3017,5,No,4,47,Other_Bank,1
31,1,Have Account,36,No_Problems,3535,4,No,4,37,Other_Bank,2
32,1,Have Account,36,No_Problems,6614,5,No,4,34,Other_Bank,2
33,1,Have Account,24,Paid_Up,1376,4,No,1,28,Other_Bank,1
34,1,No Account,15,Paid_Up,1721,2,No,3,36,Other_Bank,1
35,1,No Account,6,No_Problems,860,5,No,4,39,Other_Bank,2
36,1,Have Account,12,No_Problems,1495,5,No,1,38,Other_Bank,2
37,1,Have Account,12,No_Problems,1934,5,No,2,26,Other_Bank,2
38,1,Have Account,18,Paid_Up,3378,3,No,1,31,Other_Bank,1
39,1,Have Account,24,No_Problems,3868,5,No,2,41,Other_Bank,2
40,1,Have Account,12,No_Problems,996,4,No,4,23,Other_Bank,2
41,1,No Account,24,Paid_Up,1755,5,Yes,4,58,Other_Bank,1
42,1,Have Account,18,No_Problems,1028,3,No,3,36,Other_Bank,2
43,1,Have Account,24,No_Problems,2825,4,No,3,34,Other_Bank,2
44,1,Have Account,18,Paid_Up,1239,3,No,4,61,Other_Bank,1
45,0,No Account,18,Paid_Up,1216,2,No,3,23,Other_Bank,1
46,1,Have Account,24,Paid_Up,1258,4,No,1,25,Other_Bank,1
47,0,Have Account,18,No_Problems,1864,3,No,2,30,Other_Bank,2
48,1,Have Account,24,Paid_Up,1474,2,No,3,33,Other_Bank,1
49,1,No Account,24,No_Problems,1382,4,No,1,26,Other_Bank,2
50,1,Have Account,12,Paid_Up,640,3,No,2,49,Other_Bank,1
51,1,Have Account,36,Paid_Up,3919,3,No,2,23,Other_Bank,1
52,1,Have Account,9,No_Problems,1224,3,No,1,30,Other_Bank,2
53,1,Have Account,12,No_Problems,2331,5,Yes,4,49,Other_Bank,1
54,1,Have Account,24,Paid_Up,6313,5,No,4,41,Other_Bank,1
55,1,No Account,12,No_Problems,385,4,No,3,58,Other_Bank,4
56,1,Have Account,12,No_Problems,1655,5,No,4,63,Other_Bank,2
57,1,No Account,15,Paid_Up,1053,2,No,2,27,Other_Bank,1
58,1,Have Account,21,Paid_Up,3160,5,No,3,41,Other_Bank,1
59,1,Have Account,36,Paid_Up,3079,3,No,4,36,Other_Bank,1
60,1,Have Account,12,No_Problems,1163,3,No,4,44,Other_Bank,1
61,1,Have Account,24,Paid_Up,2679,2,No,1,29,Other_Bank,1
62,1,Have Account,48,No_Problems,3578,5,No,1,47,Other_Bank,1
63,1,Have Account,36,No_Problems,10875,5,No,2,45,Other_Bank,2
64,1,No Account,12,No_Problems,1344,3,No,2,43,Other_Bank,2
65,1,Have Account,6,No_Problems,1237,3,No,1,27,Other_Bank,2
66,1,Have Account,12,Paid_Up,3077,3,No,4,52,Other_Bank,1
67,1,Have Account,24,Paid_Up,2284,4,No,2,28,Other_Bank,1
68,1,Have Account,12,Paid_Up,1567,3,No,1,22,Other_Bank,1
69,1,Have Account,24,No_Problems,2032,5,No,4,60,Other_Bank,2
70,1,Have Account,21,No_Problems,2745,4,No,2,32,Other_Bank,2
71,1,Have Account,30,Paid_Up,1867,5,No,4,58,Other_Bank,1
72,1,Have Account,36,Paid_Up,2299,5,No,4,39,Other_Bank,1
73,1,Have Account,24,Paid_Up,929,4,No,2,31,Dept_Stores,1
74,1,Have Account,12,Paid_Up,3399,5,No,3,37,Other_Bank,1
75,1,Have Account,9,Paid_Up,2030,4,No,1,24,Other_Bank,1
76,1,Have Account,21,No_Problems,3275,5,No,4,36,Other_Bank,1
77,1,Have Account,24,No_Problems,1940,5,No,4,60,Other_Bank,1
78,1,No Account,21,No_Problems,1602,5,No,3,30,Other_Bank,2
79,1,Have Account,15,Paid_Up,1979,5,No,2,35,Other_Bank,1
80,1,Have Account,24,No_Problems,2022,3,No,4,37,Other_Bank,1
81,1,Have Account,36,No_Problems,3342,5,No,2,51,Other_Bank,1
82,1,Have Account,18,Paid_Up,5866,3,No,2,30,Other_Bank,2
83,1,Have Account,15,No_Problems,2360,3,No,2,36,Other_Bank,1
84,1,Have Account,15,No_Problems,1520,5,No,4,63,Other_Bank,1
85,1,No Account,12,Paid_Up,3651,3,No,3,31,Other_Bank,1
86,1,Have Account,24,No_Problems,2346,4,No,3,35,Other_Bank,2
87,1,Have Account,36,No_Problems,4454,3,No,4,34,Other_Bank,2
88,1,No Account,6,No_Problems,666,4,No,4,39,Other_Bank,2
89,1,Have Account,24,No_Problems,1965,3,No,4,42,Other_Bank,2
90,1,Have Account,12,No_Problems,1995,2,No,1,27,Other_Bank,1
91,1,Have Account,30,Paid_Up,2991,5,No,4,25,Other_Bank,1
92,1,Have Account,30,No_loan_history,4221,3,No,1,28,Other_Bank,2
93,1,No Account,9,Paid_Up,1364,4,No,4,59,Other_Bank,1
94,1,Have Account,18,No_Problems,6361,5,No,1,41,Other_Bank,1
95,1,Have Account,27,No_Problems,4526,2,No,2,32,Dept_Stores,2
96,1,Have Account,12,No_Problems,3573,3,No,1,23,Other_Bank,1
97,0,Have Account,36,No_Problems,4455,3,No,2,30,Dept_Stores,2
98,1,No Account,9,Paid_Up,2136,3,No,2,25,Other_Bank,1
99,1,Have Account,42,No_Problems,5954,4,No,1,41,No_credit,2
100,1,Have Account,24,No_Problems,3777,3,No,4,40,Other_Bank,1
101,1,No Account,15,Paid_Up,806,3,No,4,22,Other_Bank,1
102,1,Have Account,24,No_Problems,4712,3,No,2,34,No_credit,2
103,1,Have Account,36,No_Problems,7432,3,No,2,54,Other_Bank,1
104,1,Have Account,24,No_Problems,1851,4,Yes,2,33,Other_Bank,2
105,1,Have Account,24,Paid_Up,1393,3,Yes,2,31,Other_Bank,1
106,1,Have Account,12,No_Problems,1412,3,Yes,2,29,Other_Bank,2
107,1,Have Account,18,Paid_Up,1473,2,No,4,39,Other_Bank,1
108,1,Have Account,24,Paid_Up,1533,2,No,3,38,Dept_Stores,1
109,1,Have Account,12,No_Problems,2012,4,No,2,61,Other_Bank,1
110,0,No Account,15,Paid_Up,3959,3,No,2,29,Other_Bank,1
111,1,No Account,6,Paid_Up,428,5,No,1,49,No_credit,1
112,1,Have Account,12,No_Problems,2366,4,No,3,36,Other_Bank,1
113,1,Have Account,12,Paid_Up,763,3,No,1,26,Other_Bank,1
114,1,Have Account,21,Paid_Up,3976,4,No,3,35,Other_Bank,1
115,1,Have Account,18,Paid_Up,6260,4,No,3,28,Other_Bank,1
116,1,Have Account,9,No_Problems,1919,4,No,3,35,Other_Bank,1
117,1,Have Account,24,Paid_Up,2603,3,No,4,28,Other_Bank,1
118,1,Have Account,9,No_Problems,936,5,No,2,52,Other_Bank,2
119,1,Have Account,24,Paid_Up,3062,5,No,3,32,Other_Bank,1
120,1,Have Account,36,Paid_Up,4795,2,No,1,30,Other_Bank,1
121,1,Have Account,36,No_Problems,5842,5,No,2,35,Other_Bank,2
122,1,Have Account,6,Paid_Up,2063,2,No,3,30,Other_Bank,1
123,1,Have Account,15,No_Problems,1459,3,No,2,43,Other_Bank,1
124,1,Have Account,15,Paid_Up,1213,5,No,3,47,Dept_Stores,1
125,1,Have Account,24,No_Problems,5103,2,No,3,47,Other_Bank,3
126,1,Have Account,15,Paid_Up,874,2,No,1,24,Other_Bank,1
127,1,Have Account,6,Paid_Up,2978,3,No,2,32,Other_Bank,1
128,1,Have Account,18,Paid_Up,1820,3,No,2,30,Other_Bank,1
129,1,Have Account,24,No_Problems,2872,5,No,4,36,Other_Bank,1
130,1,Have Account,24,Paid_Up,1925,3,No,2,26,Other_Bank,1
131,1,Have Account,18,Paid_Up,2515,3,No,4,43,Other_Bank,1
132,1,Have Account,6,Paid_Up,2116,3,No,2,41,Other_Bank,1
133,1,Have Account,18,Paid_Up,1453,2,No,1,26,Other_Bank,1
134,1,Have Account,10,Paid_Up,1364,3,No,4,64,Other_Bank,1
135,1,Have Account,6,Paid_Up,1543,3,No,2,33,Other_Bank,1
136,1,Have Account,12,Paid_Up,1318,5,No,4,54,Other_Bank,1
137,1,No Account,24,Some_Problems,2325,4,No,3,32,No_credit,1
138,1,Have Account,6,No_Problems,932,4,No,3,39,Other_Bank,2
139,1,Have Account,24,No_Problems,3148,3,No,2,31,Other_Bank,2
140,1,Have Account,36,Paid_Up,3835,5,No,4,45,Other_Bank,1
141,1,Have Account,9,Paid_Up,3832,5,No,4,64,Other_Bank,1
142,1,Have Account,24,Paid_Up,5084,5,No,4,42,Other_Bank,1
143,1,Have Account,9,No_Problems,2406,1,No,3,31,Other_Bank,1
144,1,Have Account,36,Paid_Up,2394,3,No,4,25,Other_Bank,1
145,1,Have Account,21,Paid_Up,2476,5,No,4,46,Other_Bank,1
146,1,No Account,24,Paid_Up,2964,5,No,4,49,No_credit,1
147,1,No Account,12,Paid_Up,1262,5,No,4,49,Other_Bank,1
148,1,Have Account,12,Paid_Up,1542,4,No,4,36,Other_Bank,1
149,1,Have Account,24,No_Problems,1743,5,No,2,48,Other_Bank,2
150,1,Have Account,12,Some_Problems,409,3,No,3,42,Other_Bank,2
151,1,Have Account,12,Paid_Up,2171,2,No,2,29,No_credit,1
152,1,Have Account,48,No_Problems,8858,4,No,1,35,Other_Bank,2
153,1,Have Account,24,Paid_Up,3512,4,No,3,38,No_credit,2
154,1,Have Account,12,Paid_Up,1158,3,No,1,26,Other_Bank,1
155,1,Have Account,24,No_Problems,2684,3,No,2,35,Other_Bank,2
156,1,No Account,12,Paid_Up,1498,3,No,1,23,No_credit,1
157,1,Have Account,30,No_Problems,5954,4,Yes,2,38,Other_Bank,1
158,0,Have Account,48,Some_Problems,6416,5,No,3,59,Other_Bank,1
159,1,Have Account,12,No_Problems,3617,5,No,4,28,Other_Bank,3
160,1,Have Account,12,No_Problems,1291,3,No,2,35,Other_Bank,2
161,1,Have Account,24,No_Problems,1275,3,No,4,36,Other_Bank,2
162,1,Have Account,24,Paid_Up,3972,4,No,4,25,Other_Bank,1
163,1,Have Account,15,No_Problems,3343,3,No,2,28,Other_Bank,1
164,1,Have Account,15,Paid_Up,392,2,No,4,23,Other_Bank,1
165,1,Have Account,9,No_Problems,2134,3,No,4,48,Other_Bank,3
166,1,Have Account,30,No_Problems,5771,4,No,2,25,Other_Bank,2
167,1,Have Account,24,No_Problems,4526,3,No,2,74,Other_Bank,1
168,1,Have Account,15,No_Problems,2788,4,Yes,3,24,No_credit,2
169,1,Have Account,6,No_Problems,1382,3,No,1,28,Other_Bank,2
170,1,Have Account,36,Paid_Up,5848,3,No,1,24,Other_Bank,1
171,0,No Account,12,Paid_Up,1228,3,No,2,24,Other_Bank,1
172,1,Have Account,12,Paid_Up,1297,3,No,4,23,Other_Bank,1
173,1,Have Account,24,Paid_Up,1552,4,No,1,32,No_credit,1
174,1,Have Account,12,Paid_Up,1963,4,No,2,31,Other_Bank,2
175,1,Have Account,24,Paid_Up,3235,5,No,2,36,Other_Bank,1
176,1,Have Account,24,No_Problems,4139,3,No,3,27,Other_Bank,2
177,1,Have Account,12,No_Problems,1804,2,No,4,44,Other_Bank,1
178,1,Have Account,18,Paid_Up,1950,4,No,1,34,Dept_Stores,2
179,1,Have Account,48,No_Problems,12749,4,No,1,37,Other_Bank,1
180,1,Have Account,9,Paid_Up,1236,2,No,4,23,Other_Bank,1
181,1,Have Account,18,No_Problems,1055,2,No,1,30,Other_Bank,2
182,1,No Account,30,No_loan_history,8072,2,No,3,25,No_credit,3
183,1,Have Account,30,No_Problems,2831,3,No,2,33,Other_Bank,1
184,1,Have Account,9,Paid_Up,1449,4,No,2,27,Other_Bank,2
185,1,Have Account,36,Paid_Up,5742,4,No,2,31,Other_Bank,2
186,1,Have Account,12,Paid_Up,2390,5,No,3,50,Other_Bank,1
187,1,Have Account,24,Paid_Up,3430,5,No,2,31,Other_Bank,1
188,1,Have Account,36,Paid_Up,2273,4,No,1,32,Other_Bank,2
189,1,Have Account,21,Paid_Up,2923,3,No,1,28,No_credit,1
190,1,Have Account,24,Paid_Up,1901,3,No,4,29,Other_Bank,1
191,1,Have Account,36,Paid_Up,3711,3,No,2,27,Other_Bank,1
192,1,Have Account,48,Paid_Up,8487,4,No,2,24,Other_Bank,1
193,1,Have Account,24,Paid_Up,2255,2,No,1,54,Other_Bank,1
194,1,Have Account,12,Paid_Up,1262,3,No,2,25,Other_Bank,1
195,1,Have Account,33,No_Problems,7253,4,No,2,35,Other_Bank,2
196,1,Have Account,6,No_Problems,6761,4,No,3,45,Other_Bank,2
197,1,Have Account,18,No_Problems,1817,3,No,2,28,Other_Bank,2
198,1,Have Account,12,Paid_Up,2141,4,No,1,35,Other_Bank,1
199,1,Have Account,48,Some_Problems,3609,3,No,1,27,Dept_Stores,1
200,1,Have Account,30,Paid_Up,2333,5,No,2,30,No_credit,1
201,1,Have Account,28,Some_Problems,7824,2,Yes,4,40,No_credit,2
202,1,Have Account,18,Some_Problems,1445,4,No,4,49,No_credit,1
203,1,No Account,24,Paid_Up,7721,2,No,2,30,Other_Bank,1
204,1,No Account,21,Paid_Up,3763,4,Yes,2,24,Other_Bank,1
205,1,Have Account,18,Paid_Up,4439,5,Yes,1,33,No_credit,1
206,1,No Account,12,Paid_Up,1107,3,No,2,20,Other_Bank,1
207,1,Have Account,15,Paid_Up,1444,2,No,1,23,Other_Bank,1
208,1,Have Account,48,Some_Problems,12169,1,Yes,4,36,Other_Bank,1
209,1,Have Account,9,Paid_Up,2753,5,Yes,4,35,Other_Bank,1
210,1,Have Account,4,Paid_Up,1494,2,No,2,29,Other_Bank,1
211,1,No Account,24,Some_Problems,2828,3,No,4,22,Dept_Stores,1
212,1,No Account,24,Some_Problems,2483,3,No,4,22,Dept_Stores,1
213,1,Have Account,6,No_Problems,1299,3,No,1,74,Other_Bank,3
214,1,Have Account,9,Paid_Up,1549,2,No,2,35,Other_Bank,1
215,1,Have Account,10,Paid_Up,3949,2,Yes,1,37,Other_Bank,1
216,1,Have Account,10,Paid_Up,2901,2,No,4,31,Other_Bank,1
217,1,Have Account,6,Paid_Up,709,2,No,2,27,Other_Bank,1
218,1,No Account,47,Paid_Up,10722,2,No,1,35,Other_Bank,1
219,1,Have Account,10,Paid_Up,1287,5,Yes,2,45,Other_Bank,1
220,1,No Account,18,Some_Problems,1940,2,Yes,4,36,No_credit,1
221,1,Have Account,30,No_Problems,3656,5,No,4,49,Dept_Stores,2
222,1,Have Account,24,No_Problems,4679,4,No,3,35,Other_Bank,2
223,1,Have Account,27,No_Problems,8613,3,No,2,27,Other_Bank,2
224,1,No Account,18,Paid_Up,2659,3,No,2,28,Other_Bank,1
225,1,Have Account,24,No_Problems,1516,3,No,1,43,Other_Bank,2
226,1,No Account,18,Paid_Up,4380,3,No,4,35,Other_Bank,1
227,1,Have Account,14,No_Problems,802,3,No,2,27,Other_Bank,2
228,1,Have Account,21,Paid_Up,1572,5,No,4,36,No_credit,1
229,1,Have Account,48,Some_Problems,3566,4,No,2,30,Other_Bank,1
230,1,Have Account,24,Paid_Up,1278,5,No,1,36,Other_Bank,1
231,1,Have Account,6,No_loan_history,426,5,No,4,39,Other_Bank,1
232,1,Have Account,39,Paid_Up,8588,5,No,2,45,Other_Bank,1
233,1,No Account,30,Paid_Up,3857,3,No,4,40,Other_Bank,1
234,0,Have Account,12,Paid_Up,685,4,No,3,25,No_credit,1
235,1,No Account,24,Paid_Up,1603,5,No,4,55,Other_Bank,1
236,1,Have Account,21,Paid_Up,2241,5,No,2,50,Other_Bank,2
237,1,No Account,24,Paid_Up,2384,5,No,4,64,No_credit,1
238,1,Have Account,4,Paid_Up,601,2,No,3,23,Other_Bank,1
239,1,Have Account,39,Paid_Up,2569,3,No,4,24,Other_Bank,1
240,1,Have Account,15,No_Problems,1316,3,No,2,47,Other_Bank,2
241,1,Have Account,60,Paid_Up,10366,5,No,4,42,Other_Bank,1
242,1,Have Account,18,Paid_Up,1568,3,No,4,24,Other_Bank,1
243,1,Have Account,18,No_Problems,629,5,No,3,32,No_credit,2
244,1,Have Account,6,Some_Problems,1750,5,No,4,45,No_credit,1
245,1,Have Account,24,Paid_Up,3488,4,No,4,23,Other_Bank,1
246,1,Have Account,18,No_Problems,1800,3,No,2,24,Other_Bank,2
247,1,Have Account,24,No_Problems,4151,3,No,3,35,Other_Bank,2
248,1,Have Account,15,Paid_Up,2631,3,No,2,25,Other_Bank,1
249,1,Have Account,21,Paid_Up,5248,3,No,3,26,Other_Bank,1
250,1,Have Account,18,No_Problems,2899,5,No,4,43,Other_Bank,1
251,1,Have Account,18,No_Problems,6204,3,No,4,44,Other_Bank,1
252,1,Have Account,12,Paid_Up,804,5,No,4,38,Other_Bank,1
253,1,Have Account,36,Paid_Up,3595,5,No,2,28,Other_Bank,1
254,1,Have Account,36,No_Problems,5711,5,No,2,38,Other_Bank,2
255,1,Have Account,15,Paid_Up,2687,4,No,4,26,Other_Bank,1
256,1,No Account,15,No_Problems,3643,5,No,4,27,Other_Bank,2
257,1,Have Account,10,No_Problems,2146,2,No,3,23,Other_Bank,2
258,1,No Account,10,Paid_Up,2315,5,No,4,52,Other_Bank,1
259,1,Have Account,5,Paid_Up,3448,4,No,4,74,Other_Bank,1
260,1,Have Account,15,Paid_Up,2708,2,No,3,27,No_credit,2
261,1,Have Account,11,No_Problems,1393,2,No,4,35,Other_Bank,2
262,1,Have Account,10,Paid_Up,1275,2,No,2,23,Other_Bank,1
263,1,Have Account,9,Paid_Up,1313,5,No,4,20,Other_Bank,1
264,1,Have Account,12,Paid_Up,1493,2,No,3,34,Other_Bank,1
265,1,Have Account,22,Paid_Up,2675,5,No,4,40,Other_Bank,1
266,1,Have Account,9,Paid_Up,2118,3,No,2,37,Other_Bank,1
267,1,Have Account,36,Paid_Up,909,5,No,4,36,Other_Bank,1
268,1,Have Account,12,No_Problems,1258,2,No,4,22,Other_Bank,2
269,1,Have Account,15,Some_Problems,1569,5,No,4,34,No_credit,1
270,1,Have Account,6,Paid_Up,1236,3,No,4,50,Other_Bank,1
271,1,Have Account,36,No_Problems,7678,4,No,4,40,Other_Bank,2
272,1,Have Account,6,Paid_Up,660,4,No,4,23,Other_Bank,1
273,1,Have Account,24,Paid_Up,2835,5,No,4,53,Other_Bank,1
274,1,Have Account,24,Paid_Up,2670,5,No,4,35,Other_Bank,1
275,1,Have Account,12,Some_Problems,3447,3,No,3,35,Other_Bank,1
276,1,Have Account,15,Paid_Up,3568,5,No,2,54,No_credit,1
277,1,Have Account,21,No_Problems,3652,4,No,3,27,Other_Bank,2
278,1,No Account,24,Paid_Up,3660,3,No,4,28,Other_Bank,1
279,1,Have Account,9,Paid_Up,1126,5,No,4,49,Other_Bank,1
280,1,Have Account,6,No_Problems,683,2,No,1,29,No_credit,1
281,1,Have Account,12,Paid_Up,2251,3,No,2,46,Other_Bank,1
282,1,Have Account,12,Paid_Up,4675,2,No,4,20,Other_Bank,1
283,1,Have Account,21,No_Problems,2353,3,No,4,47,Other_Bank,2
284,1,No Account,21,Paid_Up,3357,2,No,2,29,No_credit,1
285,1,Have Account,6,Paid_Up,672,1,No,4,54,Other_Bank,1
286,1,No Account,6,No_Problems,338,5,No,4,52,Other_Bank,2
287,1,Have Account,9,Paid_Up,2697,3,No,2,32,Other_Bank,1
288,1,Have Account,9,Paid_Up,2507,5,No,4,51,Other_Bank,1
289,1,Have Account,15,No_Problems,1478,3,No,3,33,No_credit,2
290,1,Have Account,12,No_Problems,3565,2,No,1,37,Other_Bank,2
291,1,Have Account,15,Paid_Up,2221,3,No,4,20,Other_Bank,1
292,1,Have Account,6,No_Problems,1898,3,No,2,34,Other_Bank,2
293,1,Have Account,6,No_Problems,1449,5,No,2,31,No_credit,2
294,1,Have Account,15,No_Problems,960,4,No,2,30,Other_Bank,2
295,1,Have Account,36,Paid_Up,8133,3,No,2,30,No_credit,1
296,1,Have Account,9,Paid_Up,2301,2,No,4,22,Other_Bank,1
297,1,Have Account,6,No_Problems,1743,3,No,2,34,Other_Bank,2
298,1,Have Account,12,Paid_Up,983,2,No,4,19,Other_Bank,1
299,1,Have Account,18,No_Problems,2320,1,No,3,34,Other_Bank,2
300,1,No Account,12,Some_Problems,339,5,No,1,45,No_credit,1
301,1,Have Account,24,Paid_Up,5152,4,No,2,25,No_credit,1
302,1,Have Account,24,Paid_Up,3749,2,No,4,26,Other_Bank,1
303,1,Have Account,9,No_Problems,3074,3,No,2,33,Other_Bank,2
304,0,Have Account,9,Paid_Up,745,3,No,2,28,Other_Bank,1
305,1,Have Account,24,Paid_Up,1469,5,No,4,41,Other_Bank,1
306,1,No Account,6,Paid_Up,1374,3,No,2,36,No_credit,1
307,1,Have Account,6,Some_Problems,783,3,Yes,2,26,Dept_Stores,1
308,1,No Account,21,Paid_Up,2606,2,No,4,28,Other_Bank,1
309,1,Have Account,54,No_loan_history,9436,3,No,2,39,Other_Bank,1
310,1,Have Account,12,No_Problems,930,5,No,4,65,Other_Bank,4
311,1,Have Account,48,No_Problems,2751,5,No,3,38,Other_Bank,2
312,1,Have Account,6,No_Problems,250,3,No,2,41,No_credit,2
313,1,Have Account,24,Paid_Up,1201,2,No,1,26,Other_Bank,1
314,1,No Account,6,Paid_Up,662,2,No,4,41,Other_Bank,1
315,1,Have Account,15,Paid_Up,1300,5,No,4,45,No_credit,1
316,1,Have Account,24,Some_Problems,1559,4,No,4,40,No_credit,1
317,1,Have Account,12,Paid_Up,3016,3,No,1,24,Other_Bank,1
318,1,Have Account,15,No_Problems,1360,3,No,2,31,Other_Bank,2
319,1,Have Account,6,No_loan_history,1204,3,No,1,35,No_credit,1
320,1,Have Account,10,Paid_Up,1597,3,No,2,40,Other_Bank,1
321,1,Have Account,12,Paid_Up,2073,3,Yes,2,28,Other_Bank,1
322,1,Have Account,11,Paid_Up,2142,5,No,2,28,Other_Bank,1
323,1,No Account,10,No_Problems,2132,2,Yes,3,27,Other_Bank,2
324,1,Have Account,10,Paid_Up,1546,3,No,2,31,Other_Bank,1
325,1,Have Account,24,No_Problems,1287,5,No,4,37,Other_Bank,2
326,1,Have Account,10,Paid_Up,1418,3,No,2,35,Other_Bank,1
327,1,Have Account,6,No_Problems,1343,5,No,4,46,Other_Bank,2
328,1,Have Account,18,Paid_Up,2662,4,No,3,32,Other_Bank,1
329,1,Have Account,18,No_Problems,6070,5,No,4,33,Other_Bank,2
330,1,Have Account,24,No_Problems,1927,3,No,2,33,Other_Bank,2
331,1,Have Account,18,No_Problems,2404,3,No,2,26,Other_Bank,2
332,1,Have Account,6,No_Problems,1554,4,No,2,24,Other_Bank,2
333,1,Have Account,22,Paid_Up,1283,4,No,4,25,Other_Bank,1
334,1,Have Account,24,No_Problems,717,5,No,4,54,Other_Bank,2
335,1,No Account,24,Paid_Up,1747,2,Yes,1,24,Other_Bank,1
336,1,No Account,9,No_Problems,1288,5,Yes,4,48,Other_Bank,2
337,1,No Account,10,No_Problems,1038,4,Yes,3,49,Other_Bank,2
338,1,Have Account,10,Paid_Up,2848,3,Yes,2,32,Other_Bank,1
339,1,Have Account,12,Paid_Up,1413,4,No,2,55,Other_Bank,1
340,1,Have Account,30,No_Problems,3077,5,No,2,40,Other_Bank,2
341,1,No Account,24,Some_Problems,3632,3,Yes,4,22,No_credit,1
342,1,Have Account,18,No_Problems,3229,1,No,4,38,Other_Bank,1
343,1,Have Account,9,Paid_Up,3577,3,Yes,2,26,Other_Bank,1
344,1,Have Account,12,No_Problems,682,4,No,3,51,Other_Bank,2
345,1,Have Account,10,Paid_Up,1924,3,No,4,38,Other_Bank,1
346,1,Have Account,10,Paid_Up,727,5,No,4,46,Other_Bank,1
347,1,Have Account,10,No_Problems,781,5,No,4,63,Other_Bank,2
348,1,No Account,12,No_Problems,2121,3,No,2,30,Other_Bank,2
349,1,Have Account,12,No_Problems,701,3,No,2,32,Other_Bank,2
350,1,Have Account,10,No_Problems,2069,3,No,1,26,Other_Bank,2
351,1,Have Account,24,Paid_Up,1525,4,No,3,34,Other_Bank,1
352,1,Have Account,48,No_Problems,7629,5,No,2,46,No_credit,2
353,0,No Account,12,No_Problems,3499,3,Yes,2,29,Other_Bank,2
354,1,Have Account,6,Paid_Up,1346,5,No,4,42,No_credit,1
355,1,Have Account,36,No_Problems,10477,5,No,4,42,Other_Bank,2
356,1,No Account,24,Paid_Up,2924,3,Yes,4,63,No_credit,1
357,1,Have Account,10,No_Problems,1231,5,No,4,32,Other_Bank,2
358,1,Have Account,18,Paid_Up,1961,5,No,2,23,Other_Bank,1
359,1,Have Account,15,No_Problems,5045,5,No,4,59,Other_Bank,1
360,1,Have Account,12,No_Problems,1255,5,No,4,61,Other_Bank,2
361,1,No Account,12,Paid_Up,1858,2,No,1,22,Other_Bank,1
362,1,Have Account,6,No_Problems,1221,3,No,2,27,Other_Bank,2
363,1,Have Account,9,Paid_Up,1388,3,No,2,26,Other_Bank,1
364,1,Have Account,12,Paid_Up,2279,3,No,4,37,Other_Bank,1
365,1,Have Account,12,No_loan_history,2759,5,No,4,34,Other_Bank,2
366,1,Have Account,24,Paid_Up,1258,3,No,3,57,Other_Bank,1
367,1,Have Account,12,No_loan_history,1410,3,No,2,31,Other_Bank,1
368,1,No Account,15,Paid_Up,1403,3,No,4,28,Other_Bank,1
369,1,No Account,24,Paid_Up,3021,3,No,2,24,Other_Bank,1
370,1,No Account,24,Paid_Up,6568,3,No,2,21,Dept_Stores,1
371,1,Have Account,24,No_Problems,2578,5,No,2,34,Other_Bank,1
372,1,Have Account,24,No_Problems,7758,5,No,4,29,Other_Bank,1
373,1,No Account,6,Paid_Up,343,2,No,1,27,Other_Bank,1
374,1,Have Account,21,No_Problems,1591,4,No,3,34,Other_Bank,2
375,1,No Account,27,Paid_Up,3416,3,No,2,27,Other_Bank,1
376,0,No Account,12,No_loan_history,1108,4,No,3,28,Other_Bank,2
377,1,Have Account,27,No_Problems,5965,5,No,2,30,Other_Bank,2
378,1,Have Account,15,Paid_Up,1514,3,Yes,2,22,Other_Bank,1
379,1,Have Account,30,No_Problems,6742,4,No,3,36,Other_Bank,2
380,1,No Account,18,Paid_Up,3650,2,No,4,22,Other_Bank,1
381,1,No Account,21,Paid_Up,3599,4,No,4,26,Other_Bank,1
382,1,Have Account,60,No_Problems,13756,5,No,4,63,No_credit,1
383,1,Have Account,9,Paid_Up,276,3,No,4,22,Other_Bank,1
384,1,Have Account,42,No_Problems,4041,3,No,4,36,Other_Bank,2
385,1,Have Account,9,Paid_Up,458,3,No,3,24,Other_Bank,1
386,0,Have Account,9,Paid_Up,918,3,No,1,30,Other_Bank,1
387,1,Have Account,24,Paid_Up,7393,3,No,4,43,Other_Bank,1
388,1,Have Account,10,Paid_Up,1225,3,No,2,37,Other_Bank,1
389,1,No Account,24,Paid_Up,2812,5,No,4,26,Other_Bank,1
390,1,Have Account,15,Paid_Up,3029,4,No,2,33,Other_Bank,1
391,1,Have Account,12,No_Problems,1480,1,No,4,66,No_credit,3
392,1,Have Account,6,No_Problems,1047,3,No,4,50,Other_Bank,1
393,1,Have Account,15,No_Problems,1471,3,No,4,35,Other_Bank,2
394,1,Have Account,24,Paid_Up,5511,3,No,1,25,Dept_Stores,1
395,1,Have Account,9,Paid_Up,1206,5,No,4,25,Other_Bank,1
396,1,Have Account,24,No_Problems,6403,2,No,2,33,Other_Bank,1
397,1,Have Account,12,Paid_Up,707,3,No,2,30,No_credit,2
398,1,Have Account,12,No_Problems,1503,3,No,4,41,Other_Bank,1
399,1,Have Account,12,Paid_Up,6078,4,No,2,32,Other_Bank,1
400,1,Have Account,27,Paid_Up,2528,2,No,1,32,Other_Bank,1
401,1,Have Account,12,Paid_Up,1037,4,No,4,39,Other_Bank,1
402,1,No Account,6,Paid_Up,1352,1,No,2,23,Other_Bank,1
403,1,Have Account,24,Paid_Up,3181,2,No,4,26,Other_Bank,1
404,1,Have Account,18,Paid_Up,4594,2,No,2,32,Other_Bank,1
405,1,Have Account,48,Paid_Up,5381,1,No,4,40,No_credit,1
406,1,Have Account,15,Paid_Up,4657,3,No,2,30,Other_Bank,1
407,1,Have Account,9,Paid_Up,1391,3,No,1,27,No_credit,1
408,1,Have Account,18,Paid_Up,1913,2,No,3,36,No_credit,1
409,1,Have Account,42,Paid_Up,7166,4,No,4,29,Other_Bank,1
410,1,Have Account,13,Paid_Up,1409,1,No,4,64,Other_Bank,1
411,1,Have Account,24,No_Problems,2978,3,No,4,32,Other_Bank,2
412,1,Have Account,12,No_Problems,976,5,No,4,35,Other_Bank,2
413,1,Have Account,24,No_Problems,2375,3,No,2,44,Other_Bank,2
414,1,Have Account,12,No_Problems,522,5,No,4,42,Other_Bank,2
415,1,Have Account,28,No_Problems,2743,5,No,2,29,Other_Bank,2
416,1,Have Account,11,No_Problems,1154,1,No,4,57,Other_Bank,3
417,1,Have Account,24,No_Problems,5804,3,No,2,27,Other_Bank,2
418,1,Have Account,18,No_Problems,1169,3,No,3,29,Other_Bank,2
419,1,No Account,15,No_Problems,1478,5,No,4,44,Other_Bank,2
420,1,Have Account,12,Paid_Up,776,3,No,2,28,Other_Bank,1
421,1,Have Account,11,No_Problems,1322,3,No,4,40,Other_Bank,2
422,1,Have Account,16,No_Problems,1175,1,No,3,68,Other_Bank,3
423,1,Have Account,12,Paid_Up,2133,5,No,4,52,Other_Bank,1
424,1,Have Account,15,No_Problems,1829,5,No,4,46,Other_Bank,2
425,1,Have Account,12,No_Problems,717,5,No,4,52,Other_Bank,3
426,1,Have Account,39,No_Problems,11760,4,No,3,32,Other_Bank,1
427,0,Have Account,9,No_Problems,1501,5,No,3,34,Other_Bank,2
428,1,No Account,12,Paid_Up,1200,3,No,4,23,No_credit,1
429,1,Have Account,9,Paid_Up,3195,3,No,2,33,Other_Bank,1
430,1,Have Account,30,No_Problems,4530,4,No,4,26,Other_Bank,1
431,0,Have Account,12,No_Problems,1555,5,No,4,55,Other_Bank,2
432,1,Have Account,15,No_Problems,2326,3,No,4,27,No_credit,1
433,1,Have Account,18,No_Problems,1887,3,No,4,28,No_credit,2
434,1,Have Account,12,No_Problems,1264,5,No,4,57,Other_Bank,1
435,1,Have Account,7,No_Problems,846,5,No,4,36,Other_Bank,1
436,1,Have Account,15,No_Problems,1532,3,No,3,31,Other_Bank,1
437,1,Have Account,6,No_Problems,935,3,No,2,24,Other_Bank,1
438,1,No Account,27,No_Problems,2442,5,No,4,43,Dept_Stores,4
439,1,Have Account,18,No_Problems,3590,1,No,3,40,Other_Bank,3
440,1,Have Account,21,No_Problems,2288,2,No,4,23,Other_Bank,1
441,1,Have Account,27,No_Problems,5117,4,No,4,26,Other_Bank,2
442,1,No Account,39,No_Problems,14179,4,No,4,30,Other_Bank,2
443,1,Have Account,15,Paid_Up,1386,3,No,2,40,Other_Bank,1
444,1,Have Account,12,No_Problems,618,5,No,4,56,Other_Bank,1
445,1,Have Account,12,Paid_Up,1574,3,No,2,50,Other_Bank,1
446,1,Have Account,6,No_Problems,700,5,No,4,36,Other_Bank,2
447,1,Have Account,12,Paid_Up,886,3,No,2,21,Other_Bank,1
448,1,Have Account,36,Paid_Up,4686,3,No,2,32,Other_Bank,1
449,1,Have Account,9,Paid_Up,790,3,No,3,66,Other_Bank,1
450,0,Have Account,12,Paid_Up,766,3,No,3,66,Other_Bank,1
451,1,No Account,20,Paid_Up,2212,4,No,4,39,Other_Bank,1
452,1,Have Account,10,Paid_Up,7308,1,No,4,70,No_credit,1
453,1,Have Account,24,No_Problems,5743,2,No,4,24,Other_Bank,2
454,1,No Account,14,Paid_Up,3973,1,No,4,22,Other_Bank,1
455,1,Have Account,60,No_Problems,7418,3,No,1,27,Other_Bank,1
456,1,Have Account,20,No_Problems,2629,3,No,3,29,No_credit,2
457,1,Have Account,18,Paid_Up,1941,3,No,2,35,Other_Bank,1
458,1,Have Account,24,No_Problems,2333,2,No,2,29,No_credit,1
459,1,Have Account,12,Paid_Up,2445,2,No,4,26,Other_Bank,1
460,1,Have Account,20,Paid_Up,6468,1,No,4,60,Other_Bank,1
461,1,Have Account,18,No_Problems,7374,1,No,4,40,Dept_Stores,2
462,1,Have Account,15,Paid_Up,3812,2,No,4,23,Other_Bank,1
463,0,No Account,28,Paid_Up,4006,3,No,2,45,Other_Bank,1
464,1,Have Account,12,Paid_Up,7472,1,No,2,24,Other_Bank,1
465,1,Have Account,12,Paid_Up,1424,5,No,4,55,Other_Bank,1
466,1,Have Account,12,Paid_Up,2028,3,No,2,30,Other_Bank,1
467,1,Have Account,15,Paid_Up,5324,5,No,4,35,Other_Bank,1
468,1,Have Account,36,Paid_Up,2323,4,No,4,24,Other_Bank,1
469,1,Have Account,12,Paid_Up,1393,5,No,4,47,No_credit,3
470,1,Have Account,18,Paid_Up,1984,3,No,4,47,No_credit,2
471,1,Have Account,24,Paid_Up,999,5,No,2,25,Other_Bank,2
472,1,Have Account,36,Paid_Up,7409,5,No,2,37,Other_Bank,2
473,1,Have Account,15,Paid_Up,2186,4,No,4,33,No_credit,1
474,1,Have Account,36,Paid_Up,4473,5,No,2,31,Other_Bank,1
475,1,Have Account,24,Paid_Up,937,2,No,3,27,Other_Bank,2
476,1,Have Account,18,Paid_Up,3422,5,No,4,47,No_credit,3
477,1,Have Account,24,Paid_Up,3105,2,No,2,25,Other_Bank,2
478,1,Have Account,12,No_Problems,2748,5,No,4,57,No_credit,3
479,1,Have Account,18,Paid_Up,3872,1,No,4,67,Other_Bank,1
480,1,Have Account,27,Paid_Up,5190,5,No,4,48,Other_Bank,4
481,1,Have Account,18,Paid_Up,3001,4,No,4,40,Other_Bank,1
482,1,Have Account,24,No_Problems,3863,3,No,2,32,Other_Bank,1
483,1,Have Account,12,No_Problems,5801,5,No,4,49,Other_Bank,1
484,1,Have Account,12,No_Problems,1592,4,No,2,35,Other_Bank,1
485,1,Have Account,12,No_Problems,1185,3,No,2,27,Other_Bank,2
486,1,Have Account,18,No_Problems,3780,2,No,2,35,Other_Bank,2
487,1,Have Account,18,No_Problems,3612,5,No,4,37,Other_Bank,1
488,1,Have Account,12,Paid_Up,1076,3,No,2,26,Other_Bank,1
489,1,Have Account,12,Paid_Up,3527,2,No,3,45,Other_Bank,1
490,1,Have Account,18,Paid_Up,2051,2,No,1,33,Other_Bank,1
491,1,Have Account,12,No_Problems,3331,5,No,4,42,Dept_Stores,1
492,1,No Account,18,No_loan_history,3104,4,No,1,31,No_credit,1
493,1,Have Account,24,No_Problems,2611,5,Yes,3,46,Other_Bank,2
494,1,No Account,12,No_Problems,1409,5,No,3,54,Other_Bank,1
495,1,Have Account,24,Paid_Up,1311,4,No,3,26,Other_Bank,1
496,1,Have Account,6,Paid_Up,2108,4,No,2,29,Other_Bank,1
497,1,Have Account,24,No_Problems,4042,4,No,4,43,Other_Bank,2
498,1,Have Account,12,No_Problems,926,1,No,2,38,Other_Bank,1
499,1,No Account,12,Paid_Up,1680,5,No,1,35,Other_Bank,1
500,1,Have Account,24,Paid_Up,1249,2,No,2,28,Other_Bank,1
501,1,Have Account,24,No_Problems,2463,4,No,3,27,Other_Bank,2
502,1,Have Account,6,Paid_Up,1595,4,No,2,51,Other_Bank,1
503,1,Have Account,24,No_Problems,2058,3,No,2,33,Other_Bank,2
504,1,Have Account,24,Paid_Up,7814,4,No,3,38,Other_Bank,1
505,1,Have Account,6,No_Problems,1740,5,No,2,30,Other_Bank,2
506,1,Have Account,12,No_Problems,1240,5,No,2,38,Other_Bank,2
507,1,Have Account,24,No_Problems,6842,3,No,4,46,Other_Bank,2
508,1,Have Account,24,No_Problems,5150,5,No,4,33,Other_Bank,1
509,1,No Account,6,Paid_Up,1203,5,No,2,43,Other_Bank,1
510,1,Have Account,6,No_Problems,2080,3,No,2,24,Other_Bank,1
511,1,Have Account,6,Paid_Up,1538,2,No,2,56,Other_Bank,1
512,1,Have Account,24,No_Problems,3878,2,No,2,37,Other_Bank,1
513,1,Have Account,30,Paid_Up,3832,2,No,1,22,Other_Bank,1
514,1,Have Account,15,Paid_Up,3186,4,No,3,20,Other_Bank,1
515,1,Have Account,24,Paid_Up,2896,2,No,1,29,Other_Bank,1
516,1,Have Account,24,No_Problems,6967,4,No,4,36,Other_Bank,1
517,0,Have Account,36,Paid_Up,1819,3,No,4,37,Dept_Stores,1
518,0,Have Account,24,Paid_Up,5943,2,No,1,44,Other_Bank,2
519,0,Have Account,36,No_Problems,7127,2,No,4,23,Other_Bank,2
520,0,Have Account,36,Paid_Up,3349,3,No,2,28,Other_Bank,1
521,0,Have Account,36,Paid_Up,10974,1,No,2,26,Other_Bank,2
522,1,Have Account,6,Paid_Up,518,3,No,1,29,Other_Bank,1
523,1,Have Account,18,Paid_Up,1126,2,No,2,21,Other_Bank,1
524,1,Have Account,12,No_Problems,1860,1,No,2,34,Other_Bank,2
525,1,Have Account,36,No_Problems,9566,3,No,2,31,Dept_Stores,2
526,1,No Account,12,Paid_Up,701,3,No,2,40,Other_Bank,1
527,1,Have Account,12,Paid_Up,2930,4,No,1,27,Other_Bank,1
528,1,Have Account,18,Paid_Up,1505,3,No,2,32,Other_Bank,1
529,1,Have Account,18,No_Problems,2238,3,No,1,25,Other_Bank,2
530,1,Have Account,4,No_Problems,1503,4,No,1,42,Other_Bank,2
531,1,Have Account,24,No_Problems,2197,4,No,4,43,Other_Bank,2
532,1,Have Account,12,Paid_Up,1881,3,No,2,44,Other_Bank,1
533,1,No Account,18,No_Problems,1880,4,No,1,32,Other_Bank,2
534,1,No Account,18,Paid_Up,2389,2,No,1,27,Dept_Stores,1
535,1,Have Account,24,Paid_Up,1967,5,No,4,20,Other_Bank,1
536,1,Have Account,4,No_Problems,3380,4,No,1,37,Other_Bank,1
537,1,Have Account,4,No_Problems,1455,4,No,1,42,Other_Bank,3
538,1,Have Account,7,No_Problems,730,5,No,2,46,Other_Bank,2
539,1,Have Account,18,No_loan_history,3244,3,No,4,33,No_credit,2
540,0,Have Account,9,Paid_Up,1670,2,No,2,22,Other_Bank,1
541,1,Have Account,48,Paid_Up,3979,4,No,1,41,Other_Bank,2
542,0,Have Account,12,Paid_Up,1922,3,No,2,37,Other_Bank,1
543,1,Have Account,18,No_Problems,1295,2,No,1,27,Other_Bank,2
544,1,Have Account,4,No_Problems,1544,4,No,1,42,Other_Bank,3
545,1,Have Account,8,Paid_Up,907,2,No,2,26,Other_Bank,1
546,1,Have Account,30,Paid_Up,1715,3,No,1,26,Other_Bank,1
547,1,Have Account,10,No_Problems,1347,4,No,2,27,Other_Bank,2
548,1,Have Account,12,Paid_Up,1007,3,No,1,22,Other_Bank,1
549,1,Have Account,12,No_Problems,1402,4,No,4,37,Other_Bank,1
550,1,Have Account,12,Paid_Up,2002,4,No,4,30,Other_Bank,1
551,1,Have Account,12,No_Problems,2096,4,No,3,49,Other_Bank,1
552,1,Have Account,12,Paid_Up,1101,3,No,2,27,Other_Bank,2
553,1,Have Account,10,Paid_Up,894,4,No,3,40,Other_Bank,1
554,1,Have Account,11,Paid_Up,1577,2,No,1,20,Other_Bank,1
555,1,Have Account,33,No_Problems,2764,3,No,2,26,Other_Bank,2
556,1,Have Account,48,No_loan_history,8358,2,No,1,30,Other_Bank,2
557,1,Have Account,12,Paid_Up,1474,2,No,1,33,No_credit,1
558,1,Have Account,24,Paid_Up,5433,1,No,4,26,Other_Bank,1
559,1,Have Account,14,Paid_Up,1410,5,No,2,35,Other_Bank,1
560,1,Have Account,20,No_Problems,3485,2,No,4,44,Other_Bank,2
561,1,Have Account,18,No_Problems,3850,4,No,1,27,Other_Bank,2
562,0,Have Account,60,Paid_Up,7408,2,No,2,24,Other_Bank,1
563,1,Have Account,24,Paid_Up,1377,5,No,2,47,Other_Bank,1
564,1,Have Account,30,No_Problems,4272,3,No,2,26,Other_Bank,2
565,1,Have Account,24,No_Problems,1553,4,No,2,23,Other_Bank,2
566,1,Have Account,36,No_Problems,9857,4,No,3,31,Other_Bank,2
567,1,Have Account,6,No_Problems,362,3,No,4,52,Other_Bank,2
568,1,Have Account,12,No_Problems,1935,5,No,4,43,Other_Bank,3
569,1,Have Account,48,Paid_Up,10222,4,No,3,37,Dept_Stores,1
570,1,Have Account,12,Paid_Up,1330,2,No,1,26,Other_Bank,1
571,1,Have Account,36,Paid_Up,9055,3,No,4,35,Other_Bank,1
572,1,Have Account,26,Paid_Up,7966,2,No,3,30,Other_Bank,2
573,1,Have Account,30,Some_Problems,3496,3,No,2,34,Dept_Stores,1
574,1,Have Account,36,Paid_Up,6948,3,No,2,35,Other_Bank,1
575,1,Have Account,48,No_loan_history,12204,3,No,2,48,No_credit,1
576,0,No Account,36,Paid_Up,3446,5,No,2,42,Other_Bank,1
577,0,No Account,12,Paid_Up,684,3,No,4,40,Other_Bank,1
578,0,No Account,33,No_Problems,4281,3,No,4,23,Other_Bank,2
579,0,No Account,42,Paid_Up,7174,4,No,3,30,Other_Bank,1
580,0,No Account,24,Some_Problems,1546,4,Yes,4,24,No_credit,1
581,0,No Account,24,Paid_Up,2359,1,No,1,33,Other_Bank,1
582,0,Have Account,24,Paid_Up,3621,5,No,4,31,Other_Bank,2
583,0,No Account,12,Paid_Up,741,1,No,3,22,Other_Bank,1
584,0,No Account,12,Paid_Up,7865,5,No,4,53,Other_Bank,1
585,1,No Account,24,Paid_Up,2910,4,No,1,34,Other_Bank,1
586,1,No Account,18,No_Problems,5302,5,No,4,36,Other_Bank,3
587,1,No Account,36,Paid_Up,3620,3,Yes,2,37,Other_Bank,1
588,1,No Account,18,Paid_Up,3509,4,Yes,1,25,Other_Bank,1
589,1,Have Account,12,Paid_Up,3017,2,No,1,34,Other_Bank,1
590,1,No Account,12,Paid_Up,1657,3,No,2,27,Other_Bank,1
591,1,No Account,8,No_Problems,1164,5,No,4,51,No_credit,2
592,0,No Account,36,No_Problems,6229,2,Yes,4,23,Other_Bank,2
593,0,No Account,24,Some_Problems,1193,1,Yes,4,29,Other_Bank,2
594,1,No Account,30,No_loan_history,4583,3,Yes,2,32,Other_Bank,2
595,1,No Account,36,No_Problems,5371,3,Yes,2,28,Other_Bank,2
596,1,No Account,12,Paid_Up,708,3,Yes,3,38,Other_Bank,1
597,1,No Account,21,No_Problems,571,5,No,4,65,Other_Bank,2
598,1,No Account,30,Paid_Up,2522,5,Yes,3,39,Other_Bank,1
599,0,No Account,36,Paid_Up,5179,4,No,2,29,Other_Bank,1
600,0,No Account,36,Paid_Up,8229,3,No,2,26,Other_Bank,1
601,1,Have Account,24,No_Problems,2028,4,No,2,30,Other_Bank,2
602,1,No Account,6,Paid_Up,1374,1,No,3,75,Other_Bank,1
603,1,No Account,12,Paid_Up,1289,3,Yes,1,21,Other_Bank,1
604,0,No Account,36,Paid_Up,2712,5,No,2,41,No_credit,1
605,1,No Account,15,No_Problems,975,3,No,3,25,Other_Bank,2
606,1,Have Account,6,No_Problems,1050,1,No,1,35,Dept_Stores,2
607,1,No Account,6,No_Problems,609,4,No,3,37,Other_Bank,2
608,1,No Account,48,Paid_Up,4788,4,No,3,26,Other_Bank,1
609,1,Have Account,24,Paid_Up,3069,5,No,4,30,Other_Bank,1
610,0,Have Account,12,Paid_Up,836,2,No,2,23,No_credit,1
611,1,No Account,12,Paid_Up,2577,3,No,1,42,Other_Bank,1
612,1,No Account,12,Paid_Up,1620,3,Yes,3,30,Other_Bank,1
613,1,No Account,15,Paid_Up,1845,2,Yes,1,46,Other_Bank,1
614,1,No Account,24,Paid_Up,6579,1,No,2,29,Other_Bank,1
615,1,No Account,12,Paid_Up,1893,3,Yes,4,29,Other_Bank,1
616,1,No Account,30,No_Problems,10623,5,No,4,38,Other_Bank,3
617,1,No Account,18,Paid_Up,2249,4,No,3,30,Other_Bank,1
618,0,No Account,30,Paid_Up,3108,2,No,4,31,Other_Bank,1
619,1,Have Account,12,No_Problems,958,4,No,3,47,Other_Bank,2
620,1,Have Account,24,Paid_Up,9277,3,No,4,48,Other_Bank,1
621,1,Have Account,24,No_Problems,6314,1,Yes,2,27,No_credit,2
622,1,No Account,12,No_Problems,1526,5,No,4,66,Other_Bank,2
623,1,No Account,12,Paid_Up,3590,3,Yes,2,29,Other_Bank,1
624,1,No Account,24,No_Problems,6615,1,No,4,75,Other_Bank,2
625,1,No Account,6,No_Problems,1872,1,No,4,36,Other_Bank,3
626,1,Have Account,12,Paid_Up,2859,1,No,4,38,Other_Bank,1
627,1,Have Account,18,No_Problems,1582,5,No,4,46,Other_Bank,2
628,1,Have Account,6,Paid_Up,1238,1,No,4,36,Other_Bank,1
629,1,No Account,12,Paid_Up,2578,1,No,4,55,Other_Bank,1
630,1,No Account,15,No_Problems,1433,3,No,3,25,Other_Bank,2
631,1,No Account,42,Paid_Up,7882,4,Yes,4,45,Other_Bank,1
632,1,No Account,24,Paid_Up,4169,3,No,4,28,Other_Bank,1
633,1,No Account,36,Paid_Up,3959,1,No,3,30,Other_Bank,1
634,1,No Account,36,Paid_Up,3249,4,No,4,39,No_credit,1
635,1,No Account,24,Paid_Up,3149,2,No,1,22,No_credit,1
636,0,No Account,12,No_Problems,2246,5,No,3,60,Other_Bank,2
637,1,No Account,13,No_Problems,1797,2,No,1,28,No_credit,2
638,1,No Account,20,No_Problems,4272,5,No,4,24,Other_Bank,2
639,1,No Account,24,No_Problems,2957,5,No,4,63,Other_Bank,2
640,1,No Account,36,No_Problems,2348,3,No,2,46,Other_Bank,2
641,1,Have Account,42,No_loan_history,6289,2,No,1,33,Other_Bank,2
642,1,No Account,24,No_Problems,6419,5,No,4,44,Other_Bank,2
643,0,No Account,48,No_Problems,6143,5,No,4,58,Dept_Stores,2
644,1,Have Account,24,No_Problems,1597,5,No,4,54,Other_Bank,2
645,1,No Account,36,Paid_Up,15857,1,Yes,3,43,Other_Bank,1
646,1,Have Account,24,No_Problems,2223,5,No,4,52,No_credit,2
647,1,Have Account,48,No_Problems,7238,5,No,3,32,No_credit,2
648,1,Have Account,30,No_Problems,2503,5,No,2,41,Dept_Stores,2
649,1,Have Account,18,Paid_Up,2622,3,No,4,34,Other_Bank,1
650,1,Have Account,24,Paid_Up,4351,3,No,4,48,Other_Bank,1
651,1,Have Account,6,Paid_Up,368,5,No,4,38,Other_Bank,1
652,1,Have Account,12,Paid_Up,754,5,No,4,38,Other_Bank,2
653,1,Have Account,24,No_Problems,2424,5,No,4,53,Other_Bank,2
654,1,Have Account,48,No_Problems,6681,3,No,4,38,Other_Bank,1
655,1,Have Account,18,No_Problems,2427,5,No,2,42,Other_Bank,2
656,0,Have Account,24,No_Problems,1216,2,No,4,38,No_credit,2
657,1,Have Account,6,Paid_Up,753,3,Yes,3,64,Other_Bank,1
658,1,Have Account,7,Paid_Up,2576,3,Yes,2,35,Other_Bank,1
659,1,Have Account,6,Paid_Up,590,2,No,3,26,Other_Bank,1
660,1,Have Account,8,Paid_Up,1414,3,Yes,2,33,Other_Bank,1
661,1,Have Account,12,Paid_Up,1103,4,Yes,3,29,Other_Bank,2
662,1,Have Account,12,No_Problems,585,3,Yes,4,20,Other_Bank,2
663,1,Have Account,6,Paid_Up,1068,5,No,4,28,Other_Bank,1
664,1,No Account,8,No_Problems,713,5,No,4,47,Other_Bank,2
665,1,Have Account,12,Paid_Up,1092,3,Yes,4,49,Other_Bank,2
666,1,Have Account,7,Paid_Up,2329,2,Yes,1,45,Other_Bank,1
667,1,Have Account,13,No_Problems,882,2,Yes,4,23,Other_Bank,2
668,1,Have Account,18,Paid_Up,866,3,Yes,2,25,Other_Bank,1
669,1,Have Account,7,Paid_Up,2415,3,Yes,2,34,Other_Bank,1
670,1,Have Account,13,Paid_Up,2101,2,Yes,4,23,Other_Bank,1
671,1,Have Account,18,Paid_Up,1301,5,Yes,2,32,Other_Bank,1
672,1,Have Account,18,Paid_Up,1113,3,Yes,4,26,Other_Bank,1
673,1,Have Account,8,Paid_Up,760,4,Yes,2,44,Other_Bank,1
674,1,Have Account,12,Paid_Up,625,2,Yes,1,26,No_credit,1
675,1,Have Account,6,No_Problems,1323,5,No,4,28,Other_Bank,2
676,1,No Account,9,No_Problems,1138,3,No,4,25,Other_Bank,2
677,1,Have Account,18,No_Problems,1795,5,Yes,4,48,No_credit,2
678,1,Have Account,15,No_Problems,2728,4,Yes,2,35,No_credit,3
679,1,Have Account,6,Paid_Up,484,4,Yes,3,28,No_credit,1
680,1,Have Account,10,Some_Problems,1048,3,No,4,23,Dept_Stores,1
681,1,Have Account,12,Paid_Up,1155,5,Yes,3,40,No_credit,2
682,1,Have Account,20,No_Problems,7057,4,No,4,36,No_credit,2
683,1,Have Account,15,No_Problems,1537,5,Yes,4,50,Other_Bank,2
684,1,No Account,12,Paid_Up,2214,3,No,3,24,Other_Bank,1
685,1,Have Account,24,No_Problems,1585,4,No,3,40,Other_Bank,2
686,1,Have Account,10,Paid_Up,1521,3,No,2,31,Other_Bank,1
687,1,Have Account,36,Some_Problems,3990,2,No,2,29,No_credit,1
688,1,Have Account,18,Paid_Up,3049,2,No,1,45,Dept_Stores,1
689,0,No Account,24,Paid_Up,1282,3,No,2,32,Other_Bank,1
690,1,Have Account,60,Paid_Up,10144,4,No,4,21,Other_Bank,1
691,1,No Account,12,Paid_Up,1168,3,No,3,27,Other_Bank,1
692,1,Have Account,6,Paid_Up,454,2,No,1,22,Other_Bank,1
693,1,Have Account,15,No_Problems,3594,2,No,2,46,Other_Bank,2
694,1,Have Account,12,Paid_Up,1768,3,No,2,24,Other_Bank,1
695,1,Have Account,60,No_Problems,15653,4,No,4,21,Other_Bank,2
696,1,Have Account,12,No_Problems,2247,3,No,2,36,Dept_Stores,2
697,1,Have Account,24,Paid_Up,1413,3,No,2,28,Other_Bank,1
698,1,Have Account,45,No_Problems,4576,1,No,4,27,Other_Bank,1
699,1,No Account,24,No_Problems,1231,5,No,4,57,Other_Bank,2
700,0,No Account,36,Paid_Up,8335,5,No,4,47,Other_Bank,1
701,1,Have Account,36,No_Problems,5800,3,No,4,34,Other_Bank,2
702,1,No Account,18,No_Problems,8471,3,No,2,23,Other_Bank,2
703,1,No Account,30,Paid_Up,3622,5,No,4,57,Other_Bank,2
704,1,No Account,6,No_Problems,1169,5,No,4,67,Other_Bank,2
705,1,Have Account,15,Paid_Up,1262,4,No,3,36,Other_Bank,2
706,1,Have Account,24,No_Problems,3617,5,Yes,4,20,Other_Bank,2
707,1,Have Account,30,No_Problems,2181,5,No,4,36,Other_Bank,2
708,0,No Account,48,Some_Problems,7685,4,Yes,4,37,Other_Bank,1
709,1,Have Account,48,No_Problems,6110,3,No,3,31,No_credit,1
710,1,Have Account,24,Paid_Up,3757,5,Yes,4,62,Other_Bank,1
711,1,No Account,42,No_Problems,3394,1,Yes,4,65,Other_Bank,2
712,1,Have Account,36,No_Problems,6304,5,No,4,36,Other_Bank,2
713,1,Have Account,9,No_Problems,1244,5,No,4,41,Other_Bank,2
714,1,Have Account,6,Paid_Up,3518,3,Yes,3,26,Other_Bank,1
715,1,Have Account,36,No_loan_history,2613,3,No,2,27,Other_Bank,2
716,1,No Account,48,Paid_Up,7476,4,No,1,50,Other_Bank,1
717,0,Have Account,24,Paid_Up,4591,3,No,3,54,Other_Bank,3
718,0,Have Account,18,Paid_Up,1924,2,No,3,27,Other_Bank,1
719,0,Have Account,72,Paid_Up,5595,3,No,2,24,Other_Bank,1
720,0,Have Account,48,No_Problems,6224,5,No,4,50,Other_Bank,1
721,1,Have Account,15,Paid_Up,1905,5,No,4,40,Other_Bank,1
722,1,Have Account,21,No_Problems,2993,3,No,2,28,Dept_Stores,2
723,1,Have Account,36,No_Problems,8947,4,No,2,31,Dept_Stores,1
724,1,No Account,24,Paid_Up,4020,3,No,2,27,Dept_Stores,1
725,1,Have Account,18,Paid_Up,2779,3,No,3,21,Other_Bank,1
726,1,Have Account,21,Paid_Up,2782,4,No,2,31,No_credit,1
727,1,Have Account,12,Paid_Up,1884,5,No,4,39,Other_Bank,1
728,1,Have Account,36,No_Problems,11054,3,No,2,30,Other_Bank,1
729,1,Have Account,60,No_Problems,9157,3,No,2,27,Other_Bank,1
730,1,Have Account,42,Some_Problems,9283,1,No,2,55,No_credit,1
731,1,Have Account,60,Paid_Up,6527,3,No,4,34,Other_Bank,1
732,1,Have Account,15,No_Problems,3368,5,No,4,23,Other_Bank,2
733,1,No Account,15,Paid_Up,2511,1,No,4,23,Other_Bank,1
734,1,No Account,36,Paid_Up,5493,5,No,4,42,Other_Bank,1
735,1,Have Account,6,Paid_Up,1338,3,No,4,62,Other_Bank,1
736,1,Have Account,9,Paid_Up,1082,5,No,4,37,Other_Bank,2
737,1,Have Account,18,No_Problems,1149,3,No,3,46,Other_Bank,2
738,1,Have Account,15,Paid_Up,1308,5,No,4,38,Other_Bank,2
739,1,Have Account,20,No_loan_history,6148,5,No,4,31,No_credit,2
740,1,Have Account,12,Paid_Up,1736,4,No,4,31,Other_Bank,1
741,1,Have Account,12,Paid_Up,3059,4,No,4,61,Other_Bank,1
742,0,No Account,24,Paid_Up,2996,3,No,4,20,Other_Bank,1
743,1,Have Account,30,No_Problems,7596,5,No,4,63,Other_Bank,2
744,1,Have Account,30,Paid_Up,4811,4,No,4,24,Dept_Stores,1
745,1,Have Account,6,Paid_Up,1766,3,No,2,21,Other_Bank,1
746,1,Have Account,24,Paid_Up,2760,5,No,4,36,No_credit,1
747,1,Have Account,24,No_Problems,5507,5,No,4,44,Other_Bank,2
748,1,Have Account,9,Paid_Up,1199,4,No,4,67,Other_Bank,2
749,1,Have Account,24,Paid_Up,2892,5,No,4,51,Other_Bank,1
750,1,Have Account,36,No_Problems,2862,5,No,3,30,Other_Bank,1
751,0,No Account,9,Paid_Up,654,3,No,3,28,Other_Bank,1
752,0,Have Account,9,No_Problems,1136,5,No,3,32,Other_Bank,2
753,0,Have Account,24,Paid_Up,4113,2,No,4,28,Other_Bank,1
754,0,Have Account,6,Paid_Up,14555,1,No,2,23,Other_Bank,1
755,0,No Account,15,No_loan_history,950,5,No,3,33,Other_Bank,2
756,0,No Account,24,No_Problems,1199,5,No,4,60,Other_Bank,2
757,0,No Account,12,No_loan_history,1082,3,No,4,48,No_credit,2
758,0,Have Account,30,Paid_Up,2150,3,Yes,2,24,No_credit,1
759,0,Have Account,36,No_Problems,2820,2,No,4,27,Other_Bank,2
760,0,Have Account,48,Paid_Up,3060,4,No,4,28,Other_Bank,2
761,0,No Account,18,Paid_Up,2600,3,No,4,65,Other_Bank,2
762,0,Have Account,21,No_loan_history,5003,3,No,4,29,No_credit,2
763,0,Have Account,60,Paid_Up,6288,3,No,4,42,Other_Bank,1
764,0,Have Account,24,No_Problems,2538,5,No,4,47,Other_Bank,2
765,0,Have Account,9,Paid_Up,1478,4,No,2,22,Other_Bank,1
766,0,Have Account,39,No_Problems,4933,4,Yes,2,25,Other_Bank,2
767,0,Have Account,18,No_Problems,1530,3,No,2,32,No_credit,2
768,0,Have Account,9,Some_Problems,1437,4,No,3,29,Other_Bank,1
769,0,No Account,15,Paid_Up,1275,3,No,2,24,Other_Bank,1
770,0,No Account,24,Paid_Up,1823,1,No,2,30,Dept_Stores,1
771,0,No Account,9,Paid_Up,1422,2,No,2,27,Other_Bank,1
772,0,No Account,18,Paid_Up,1217,3,No,3,47,Other_Bank,1
773,0,No Account,36,Paid_Up,9271,4,No,1,24,Other_Bank,1
774,0,No Account,36,No_Problems,2145,4,No,1,24,Other_Bank,2
775,0,No Account,36,Paid_Up,1842,2,No,4,34,Other_Bank,1
776,0,Have Account,18,No_Problems,4297,5,No,3,40,Other_Bank,1
777,0,No Account,6,No_Problems,3384,3,No,4,44,Other_Bank,1
778,0,Have Account,18,No_Problems,1245,3,No,2,33,Other_Bank,1
779,0,Have Account,15,Paid_Up,4623,3,No,2,40,Other_Bank,1
780,0,Have Account,30,No_Problems,8386,4,No,2,49,Other_Bank,1
781,0,No Account,24,No_Problems,1024,2,No,4,48,Dept_Stores,1
782,0,Have Account,36,Paid_Up,14318,5,No,2,57,Other_Bank,1
783,0,Have Account,6,Some_Problems,433,2,No,2,24,No_credit,1
784,0,No Account,12,Some_Problems,2149,3,No,1,29,Other_Bank,1
785,0,Have Account,24,Paid_Up,2397,5,No,2,35,No_credit,2
786,0,Have Account,6,Some_Problems,931,2,No,1,32,Dept_Stores,1
787,0,Have Account,15,No_Problems,1512,3,No,3,61,Dept_Stores,2
788,0,Have Account,24,No_loan_history,4241,3,No,4,36,Other_Bank,3
789,0,Have Account,24,No_Problems,4736,2,No,4,25,No_credit,1
790,0,Have Account,15,No_loan_history,1778,2,No,1,26,Other_Bank,2
791,0,Have Account,15,Paid_Up,2327,2,No,3,25,Other_Bank,1
792,0,No Account,24,Some_Problems,6872,2,No,1,55,No_credit,1
793,0,No Account,12,Paid_Up,795,2,No,4,53,Other_Bank,1
794,0,Have Account,30,No_Problems,1908,5,No,4,66,Other_Bank,1
795,0,Have Account,36,No_loan_history,1953,5,No,4,61,Other_Bank,1
796,0,Have Account,18,Paid_Up,2864,3,No,1,34,Other_Bank,1
797,0,Have Account,21,No_Problems,2319,2,No,1,33,Other_Bank,1
798,0,No Account,24,Paid_Up,915,5,No,2,29,No_credit,1
799,0,Have Account,24,Paid_Up,947,4,No,3,38,No_credit,1
800,0,No Account,24,Paid_Up,1381,3,No,2,35,Other_Bank,1
801,0,No Account,24,Paid_Up,1285,4,No,4,32,Other_Bank,1
802,0,No Account,24,Paid_Up,1371,3,No,4,25,Other_Bank,1
803,0,Have Account,18,Paid_Up,1042,3,No,2,33,Other_Bank,1
804,0,No Account,12,Paid_Up,900,3,No,2,23,Other_Bank,1
805,0,No Account,24,Paid_Up,1207,2,No,4,24,Other_Bank,1
806,0,Have Account,18,No_loan_history,2278,2,No,3,28,Other_Bank,2
807,0,No Account,60,No_Problems,6836,5,No,4,63,Other_Bank,2
808,0,No Account,24,Paid_Up,3345,5,No,2,39,Other_Bank,1
809,0,No Account,6,Some_Problems,1198,5,No,4,35,Other_Bank,1
810,0,Have Account,48,Paid_Up,15672,3,No,2,23,Other_Bank,1
811,0,No Account,60,Paid_Up,7297,5,Yes,4,36,Other_Bank,1
812,0,Have Account,18,Paid_Up,1943,2,No,4,23,Other_Bank,1
813,0,No Account,18,Paid_Up,3190,3,No,2,24,Other_Bank,1
814,0,Have Account,9,Some_Problems,5129,5,No,4,74,No_credit,1
815,0,Have Account,18,No_Problems,1808,4,No,1,22,Other_Bank,1
816,0,Have Account,10,Paid_Up,1240,5,No,4,48,Other_Bank,1
817,0,No Account,12,Paid_Up,759,4,No,2,26,Other_Bank,1
818,0,Have Account,8,Paid_Up,1237,3,No,4,24,Other_Bank,1
819,0,Have Account,9,Paid_Up,1980,2,Yes,2,19,Other_Bank,2
820,0,Have Account,48,Paid_Up,10961,4,Yes,2,27,No_credit,2
821,0,No Account,36,No_Problems,6887,3,No,3,29,Dept_Stores,1
822,0,No Account,24,Paid_Up,1938,2,No,3,32,Other_Bank,1
823,0,No Account,21,Paid_Up,1835,3,No,2,25,Other_Bank,2
824,0,No Account,24,No_Problems,1659,2,No,2,29,Other_Bank,1
825,0,Have Account,6,No_Problems,1209,1,No,4,47,Other_Bank,1
826,0,Have Account,48,No_loan_history,3844,4,No,4,34,Other_Bank,1
827,0,No Account,12,No_Problems,4843,5,Yes,4,43,Other_Bank,2
828,0,Have Account,12,Paid_Up,639,3,No,2,30,Other_Bank,1
829,0,Have Account,48,Paid_Up,5951,3,No,2,22,Other_Bank,1
830,0,Have Account,36,No_loan_history,3804,3,No,1,42,Other_Bank,1
831,0,Have Account,36,No_Problems,4463,3,No,2,26,Other_Bank,2
832,0,Have Account,36,No_Problems,7980,2,No,4,27,Other_Bank,2
833,0,Have Account,36,Paid_Up,4210,3,No,2,26,Other_Bank,1
834,0,Have Account,6,Paid_Up,4611,2,No,4,32,Other_Bank,1
835,0,Have Account,24,Paid_Up,11560,3,No,4,23,Other_Bank,2
836,0,Have Account,18,No_loan_history,4165,3,No,2,36,Dept_Stores,2
837,0,Have Account,24,Paid_Up,4057,4,No,3,43,Other_Bank,1
838,0,Have Account,18,Some_Problems,6458,5,No,4,39,No_credit,2
839,0,Have Account,12,Paid_Up,1386,3,No,2,26,Other_Bank,1
840,0,No Account,36,Paid_Up,1977,5,No,4,40,Other_Bank,1
841,0,Have Account,18,No_Problems,1928,2,No,2,31,Other_Bank,2
842,0,Have Account,12,Paid_Up,1123,3,No,4,29,Other_Bank,1
843,0,Have Account,24,Paid_Up,11328,3,Yes,3,29,No_credit,2
844,0,Have Account,24,No_Problems,11938,3,Yes,3,39,Other_Bank,2
845,0,Have Account,27,No_Problems,2520,3,No,2,23,Other_Bank,2
846,0,Have Account,30,No_Problems,1919,2,No,3,30,Dept_Stores,2
847,0,Have Account,60,Some_Problems,14782,5,No,4,60,No_credit,2
848,0,Have Account,36,Paid_Up,2671,3,Yes,4,50,Other_Bank,1
849,0,Have Account,36,Paid_Up,12612,3,No,4,47,Other_Bank,1
850,0,Have Account,45,Paid_Up,3031,3,Yes,4,21,Other_Bank,1
851,0,No Account,12,Some_Problems,626,3,No,4,24,No_credit,1
852,0,Have Account,24,No_Problems,1935,5,No,4,31,Other_Bank,2
853,0,Have Account,24,No_Problems,1344,4,No,2,37,No_credit,2
854,0,Have Account,18,Paid_Up,1533,2,Yes,1,43,Other_Bank,1
855,0,No Account,48,Paid_Up,3931,4,No,4,46,Other_Bank,1
856,0,No Account,24,Some_Problems,3349,2,No,4,30,Other_Bank,1
857,0,No Account,36,Paid_Up,2302,3,No,4,31,Other_Bank,1
858,0,No Account,42,Paid_Up,3965,2,No,3,34,Other_Bank,1
859,0,No Account,12,Paid_Up,727,2,No,3,33,Other_Bank,1
860,0,Have Account,48,Paid_Up,3914,3,No,2,38,No_credit,1
861,0,No Account,48,Paid_Up,4308,2,No,4,24,Other_Bank,1
862,0,Have Account,12,Paid_Up,1534,2,No,1,23,Other_Bank,1
863,0,Have Account,18,No_Problems,2775,4,No,2,31,No_credit,2
864,0,No Account,40,No_Problems,5998,3,No,3,27,No_credit,1
865,0,Have Account,15,No_Problems,1271,3,No,4,39,Other_Bank,2
866,0,Have Account,12,Paid_Up,1295,2,No,1,25,Other_Bank,1
867,0,Have Account,36,Paid_Up,9398,2,No,4,28,Other_Bank,1
868,0,Have Account,12,Paid_Up,951,2,No,4,27,No_credit,4
869,0,Have Account,24,Paid_Up,1355,2,No,4,25,Other_Bank,1
870,0,No Account,48,Paid_Up,3051,3,No,4,54,Other_Bank,1
871,0,Have Account,36,No_Problems,7855,3,No,2,25,Dept_Stores,2
872,0,Have Account,18,Paid_Up,433,1,Yes,4,22,Other_Bank,1
873,0,Have Account,36,No_Problems,9572,2,No,1,28,Other_Bank,2
874,0,Have Account,24,Some_Problems,1837,4,No,4,34,No_credit,1
875,0,Have Account,30,No_Problems,4249,1,No,2,28,Other_Bank,2
876,0,Have Account,30,No_Problems,5234,1,No,2,28,Other_Bank,2
877,0,No Account,48,Paid_Up,6758,3,No,2,31,Other_Bank,1
878,0,No Account,9,Paid_Up,1366,2,No,4,22,Other_Bank,1
879,0,No Account,24,Some_Problems,1358,5,No,3,40,Dept_Stores,1
880,0,No Account,18,Paid_Up,2473,1,No,1,25,Other_Bank,1
881,0,Have Account,9,No_loan_history,1337,2,No,2,34,Other_Bank,2
882,0,No Account,48,Paid_Up,7763,5,No,4,42,No_credit,1
883,0,Have Account,15,Some_Problems,1264,3,No,2,25,Other_Bank,1
884,0,Have Account,15,Paid_Up,2631,3,No,4,28,Other_Bank,2
885,0,Have Account,48,Paid_Up,6560,4,No,2,24,Other_Bank,1
886,0,No Account,24,Paid_Up,3123,2,No,1,27,Other_Bank,1
887,0,No Account,36,No_Problems,8065,3,No,2,25,Other_Bank,2
888,0,No Account,24,Paid_Up,2439,2,No,4,35,Other_Bank,1
889,0,Have Account,36,Paid_Up,9034,2,Yes,1,29,Other_Bank,1
890,0,Have Account,60,Paid_Up,14027,4,No,2,27,Other_Bank,1
891,0,No Account,36,No_Problems,9629,4,No,4,24,Other_Bank,2
892,0,Have Account,12,Paid_Up,1484,3,No,1,25,Other_Bank,1
893,0,No Account,18,Paid_Up,1131,1,No,2,33,Other_Bank,1
894,0,Have Account,24,No_Problems,2064,1,No,2,34,Other_Bank,1
895,0,Have Account,18,Paid_Up,12976,1,No,4,38,Other_Bank,1
896,0,Have Account,21,No_Problems,2580,2,No,2,41,No_credit,1
897,0,Have Account,27,Paid_Up,2570,3,No,3,21,Other_Bank,1
898,0,Have Account,27,Paid_Up,3915,3,No,2,36,Other_Bank,1
899,0,Have Account,10,Paid_Up,1309,3,Yes,4,27,Other_Bank,1
900,0,No Account,24,Paid_Up,4817,4,Yes,3,31,Other_Bank,1
901,0,No Account,12,Paid_Up,2579,2,No,1,33,Other_Bank,1
902,0,Have Account,36,No_Problems,2225,5,No,4,57,No_credit,2
903,0,No Account,18,Paid_Up,4153,3,Yes,3,42,Other_Bank,1
904,0,No Account,18,No_loan_history,3114,2,No,4,26,Other_Bank,1
905,0,No Account,18,No_Problems,2124,3,No,4,24,Other_Bank,2
906,0,No Account,18,Some_Problems,1553,3,No,3,44,No_credit,1
907,0,No Account,30,Paid_Up,2406,4,No,4,23,Other_Bank,1
908,0,No Account,24,No_Problems,1333,1,No,2,43,Other_Bank,2
909,0,No Account,48,No_loan_history,7119,3,No,4,53,Other_Bank,2
910,0,No Account,24,No_Problems,4870,3,No,4,53,Other_Bank,2
911,0,No Account,12,No_Problems,691,5,No,3,35,Other_Bank,2
912,0,No Account,42,No_Problems,4370,4,No,2,26,No_credit,2
913,0,No Account,36,Some_Problems,2746,5,No,4,31,No_credit,1
914,0,No Account,24,No_loan_history,4110,5,No,4,23,No_credit,2
915,0,No Account,18,Paid_Up,2462,3,No,2,22,Other_Bank,1
916,0,No Account,12,Paid_Up,1282,3,No,4,20,Other_Bank,1
917,0,Have Account,12,No_loan_history,2969,2,No,3,25,Other_Bank,2
918,0,No Account,48,No_loan_history,4605,5,No,4,24,Other_Bank,2
919,0,No Account,48,No_Problems,6331,5,No,4,46,Other_Bank,2
920,0,No Account,24,Some_Problems,3552,4,No,4,27,No_credit,1
921,0,No Account,12,Some_Problems,697,2,No,2,46,No_credit,2
922,0,No Account,24,Paid_Up,1442,4,No,4,23,Other_Bank,2
923,0,No Account,27,No_loan_history,5293,1,No,4,50,Other_Bank,2
924,0,No Account,21,No_Problems,3414,2,No,1,26,Dept_Stores,2
925,0,No Account,18,Paid_Up,2039,3,No,4,20,Other_Bank,1
926,0,No Account,24,Some_Problems,3161,3,No,2,31,No_credit,1
927,0,No Account,12,Paid_Up,902,4,No,4,21,Other_Bank,1
928,0,No Account,48,Paid_Up,10297,4,No,4,39,Other_Bank,3
929,0,Have Account,48,No_loan_history,14421,3,No,2,25,Dept_Stores,1
930,0,Have Account,18,No_Problems,1056,5,Yes,3,30,Other_Bank,2
931,0,No Account,12,Paid_Up,1274,2,No,1,37,No_credit,1
932,0,Have Account,12,Paid_Up,1223,5,No,1,46,Other_Bank,2
933,0,No Account,12,Paid_Up,1372,4,No,3,36,Other_Bank,1
934,0,No Account,16,No_Problems,2625,5,Yes,4,43,Other_Bank,1
935,0,No Account,20,No_Problems,2235,3,Yes,2,33,No_credit,2
936,0,Have Account,9,Paid_Up,959,3,No,2,29,No_credit,1
937,0,Have Account,18,No_Problems,884,5,No,4,36,Other_Bank,1
938,0,Have Account,24,Paid_Up,1246,2,No,2,23,No_credit,1
939,0,Have Account,36,No_Problems,8086,5,No,4,42,Dept_Stores,4
940,0,Have Account,48,No_Problems,10127,3,No,2,44,Other_Bank,1
941,0,Have Account,12,Paid_Up,888,5,No,4,41,No_credit,1
942,0,Have Account,12,Paid_Up,719,5,No,4,41,No_credit,1
943,0,Have Account,36,Paid_Up,12389,3,No,4,37,No_credit,1
944,0,No Account,12,Paid_Up,709,5,No,4,57,Other_Bank,1
945,0,Have Account,15,Some_Problems,6850,1,No,2,34,Dept_Stores,1
946,0,Have Account,10,Paid_Up,2210,3,No,2,25,Other_Bank,1
947,0,Have Account,30,Some_Problems,7485,1,No,1,53,No_credit,1
948,0,No Account,18,Some_Problems,1442,4,No,4,32,No_credit,2
949,0,Have Account,12,No_Problems,797,5,No,3,33,Other_Bank,1
950,0,Have Account,45,No_Problems,4746,2,No,2,24,No_credit,2
951,0,Have Account,12,No_Problems,939,4,No,2,28,Other_Bank,3
952,0,Have Account,21,Paid_Up,1188,5,No,4,39,Other_Bank,1
953,0,Have Account,48,No_Problems,11590,3,No,4,24,Other_Bank,2
954,0,Have Account,12,Some_Problems,609,2,No,1,26,No_credit,1
955,0,No Account,18,No_Problems,1190,1,No,4,55,Other_Bank,3
956,0,Have Account,21,Paid_Up,2767,5,No,2,61,Other_Bank,2
957,0,Have Account,30,Paid_Up,3441,3,Yes,4,21,No_credit,1
958,0,Have Account,30,No_loan_history,4280,3,No,4,26,Other_Bank,2
959,0,Have Account,24,Paid_Up,3092,2,No,2,22,Other_Bank,1
960,0,Have Account,18,Paid_Up,6761,3,No,4,68,Dept_Stores,2
961,0,Have Account,12,Paid_Up,1331,2,No,1,22,Other_Bank,1
962,0,Have Account,54,No_loan_history,15945,2,No,4,58,Other_Bank,1
963,0,No Account,24,Paid_Up,3234,2,No,4,23,Other_Bank,1
964,0,Have Account,15,Paid_Up,802,5,No,3,37,Other_Bank,1
965,0,Have Account,48,Paid_Up,9960,2,No,2,26,No_credit,1
966,0,Have Account,24,No_Problems,8648,2,No,2,27,No_credit,2
967,0,No Account,18,Paid_Up,1345,3,No,3,26,Other_Bank,1
968,0,No Account,45,Paid_Up,1845,3,No,4,23,Other_Bank,1
969,0,No Account,21,Some_Problems,1647,3,No,2,40,No_credit,2
970,0,Have Account,48,Paid_Up,4844,1,No,2,33,Other_Bank,1
971,0,Have Account,27,No_loan_history,8318,5,No,4,42,Dept_Stores,2
972,0,Have Account,18,Paid_Up,2100,3,Yes,2,37,Other_Bank,1
973,0,No Account,45,No_loan_history,11816,5,No,4,29,Other_Bank,2
974,0,No Account,6,Paid_Up,448,2,No,4,23,Other_Bank,1
975,0,No Account,30,Paid_Up,11998,2,No,1,34,No_credit,1
976,0,Have Account,48,No_loan_history,18424,3,No,2,32,No_credit,1
977,0,No Account,6,Paid_Up,14896,5,No,4,68,No_credit,1
978,0,Have Account,12,Paid_Up,2762,5,No,2,25,Other_Bank,1
979,0,No Account,12,Paid_Up,3386,5,No,4,35,Other_Bank,1
980,0,Have Account,24,Paid_Up,2039,2,No,1,22,Other_Bank,1
981,0,Have Account,18,No_Problems,2169,3,No,2,28,Other_Bank,1
982,0,Have Account,48,No_Problems,5096,3,No,3,30,Other_Bank,1
983,0,No Account,18,Paid_Up,1882,3,No,4,25,No_credit,2
984,0,No Account,48,Paid_Up,6999,4,Yes,1,34,Other_Bank,2
985,0,Have Account,12,No_Problems,2292,1,No,2,42,Dept_Stores,2
986,0,No Account,14,Paid_Up,8978,5,No,4,45,Other_Bank,1
987,0,No Account,12,Paid_Up,674,4,No,1,20,Other_Bank,1
988,0,No Account,18,Paid_Up,976,2,No,2,23,Other_Bank,1
989,0,Have Account,24,Paid_Up,2718,3,No,4,20,Other_Bank,1
990,0,No Account,18,Paid_Up,750,1,No,1,27,Other_Bank,1
991,0,Have Account,24,Paid_Up,12579,5,No,2,44,Other_Bank,1
992,0,No Account,18,Paid_Up,7511,5,No,4,51,Other_Bank,1
993,0,No Account,18,No_Problems,3966,5,No,4,33,No_credit,3
994,0,No Account,12,No_loan_history,6199,3,No,2,28,Other_Bank,2
995,0,No Account,24,Paid_Up,1987,3,No,4,21,Other_Bank,1
996,0,No Account,24,Paid_Up,2303,5,Yes,1,45,Other_Bank,1
997,0,Have Account,21,No_Problems,12680,5,No,4,30,Other_Bank,1
998,0,Have Account,12,Paid_Up,6468,1,No,1,52,Other_Bank,1
999,0,No Account,30,Paid_Up,6350,5,No,4,31,Other_Bank,1
